"Wave_time","State","StateFIPS","Start_Date","End_Date","N_State","Current President","Your State Governor"
"Late Apr","United States",NA,2020-04-16,2020-04-30,19489,42.1,63.7
"Late Apr","Alaska",2,2020-04-16,2020-04-30,92,55.1,60.7
"Late Apr","Alabama",1,2020-04-16,2020-04-30,418,53.6,59.6
"Late Apr","Arkansas",5,2020-04-16,2020-04-30,423,55,65
"Late Apr","Arizona",4,2020-04-16,2020-04-30,441,42.4,55.6
"Late Apr","California",6,2020-04-16,2020-04-30,719,32.4,70.3
"Late Apr","Colorado",8,2020-04-16,2020-04-30,443,41.9,64.1
"Late Apr","Connecticut",9,2020-04-16,2020-04-30,322,33.9,66.1
"Late Apr","Delaware",10,2020-04-16,2020-04-30,303,37.2,69
"Late Apr","Florida",12,2020-04-16,2020-04-30,521,41.9,46.4
"Late Apr","Georgia",13,2020-04-16,2020-04-30,461,46.1,53.2
"Late Apr","Hawaii",15,2020-04-16,2020-04-30,241,30.7,36.4
"Late Apr","Iowa",19,2020-04-16,2020-04-30,434,43.3,52.3
"Late Apr","Idaho",16,2020-04-16,2020-04-30,320,51,63.8
"Late Apr","Illinois",17,2020-04-16,2020-04-30,470,36.6,63.2
"Late Apr","Indiana",18,2020-04-16,2020-04-30,452,50.3,71.4
"Late Apr","Kansas",20,2020-04-16,2020-04-30,443,47.5,68.2
"Late Apr","Kentucky",21,2020-04-16,2020-04-30,424,52.4,78.8
"Late Apr","Louisiana",22,2020-04-16,2020-04-30,418,50.1,67.1
"Late Apr","Massachusetts",25,2020-04-16,2020-04-30,439,34.9,80.2
"Late Apr","Maryland",24,2020-04-16,2020-04-30,367,37.9,78.5
"Late Apr","Maine",23,2020-04-16,2020-04-30,320,46.1,67.4
"Late Apr","Michigan",26,2020-04-16,2020-04-30,482,36.5,61.5
"Late Apr","Minnesota",27,2020-04-16,2020-04-30,444,44.3,70.8
"Late Apr","Missouri",29,2020-04-16,2020-04-30,424,49.8,59.4
"Late Apr","Mississippi",28,2020-04-16,2020-04-30,383,46.3,56
"Late Apr","Montana",30,2020-04-16,2020-04-30,211,48.9,58.9
"Late Apr","North Carolina",37,2020-04-16,2020-04-30,450,47.8,60.4
"Late Apr","North Dakota",38,2020-04-16,2020-04-30,165,53.3,65.9
"Late Apr","Nebraska",31,2020-04-16,2020-04-30,329,54,63.3
"Late Apr","New Hampshire",33,2020-04-16,2020-04-30,352,38.9,73.6
"Late Apr","New Jersey",34,2020-04-16,2020-04-30,474,37.4,65.1
"Late Apr","New Mexico",35,2020-04-16,2020-04-30,120,42,63.8
"Late Apr","Nevada",32,2020-04-16,2020-04-30,437,38.7,59.8
"Late Apr","New York",36,2020-04-16,2020-04-30,542,34.5,69.6
"Late Apr","Ohio",39,2020-04-16,2020-04-30,476,50.9,81.2
"Late Apr","Oklahoma",40,2020-04-16,2020-04-30,424,50.1,51.2
"Late Apr","Oregon",41,2020-04-16,2020-04-30,443,34.7,60.9
"Late Apr","Pennsylvania",42,2020-04-16,2020-04-30,464,39.3,57.2
"Late Apr","Rhode Island",44,2020-04-16,2020-04-30,297,38.6,74.2
"Late Apr","South Carolina",45,2020-04-16,2020-04-30,434,48.6,51.4
"Late Apr","South Dakota",46,2020-04-16,2020-04-30,181,43.3,43.3
"Late Apr","Tennessee",47,2020-04-16,2020-04-30,436,51.7,62.2
"Late Apr","Texas",48,2020-04-16,2020-04-30,537,43.4,60.9
"Late Apr","Utah",49,2020-04-16,2020-04-30,410,44.6,60.3
"Late Apr","Virginia",51,2020-04-16,2020-04-30,469,42.3,59.3
"Late Apr","Vermont",50,2020-04-16,2020-04-30,176,30.4,72.2
"Late Apr","Washington",53,2020-04-16,2020-04-30,368,30.3,70.1
"Late Apr","Wisconsin",55,2020-04-16,2020-04-30,436,38.4,56.2
"Late Apr","West Virginia",54,2020-04-16,2020-04-30,363,57.3,77.7
"Late Apr","Wyoming",56,2020-04-16,2020-04-30,145,60.7,64.7
"Early May","United States",NA,2020-05-02,2020-05-15,20305,39.7,58.5
"Early May","Alaska",2,2020-05-02,2020-05-15,135,41.1,53.1
"Early May","Alabama",1,2020-05-02,2020-05-15,381,52,51.8
"Early May","Arkansas",5,2020-05-02,2020-05-15,366,50.9,61.2
"Early May","Arizona",4,2020-05-02,2020-05-15,320,43.2,56.9
"Early May","California",6,2020-05-02,2020-05-15,729,33.7,67.2
"Early May","Colorado",8,2020-05-02,2020-05-15,389,37,53.8
"Early May","Connecticut",9,2020-05-02,2020-05-15,358,32.5,65.5
"Early May","Delaware",10,2020-05-02,2020-05-15,339,38.4,62.4
"Early May","Florida",12,2020-05-02,2020-05-15,663,41.7,46.5
"Early May","Georgia",13,2020-05-02,2020-05-15,494,42.1,33
"Early May","Hawaii",15,2020-05-02,2020-05-15,215,29.7,35.5
"Early May","Iowa",19,2020-05-02,2020-05-15,387,38.8,36.3
"Early May","Idaho",16,2020-05-02,2020-05-15,358,46.3,54
"Early May","Illinois",17,2020-05-02,2020-05-15,530,35.8,53.6
"Early May","Indiana",18,2020-05-02,2020-05-15,444,48.9,59.4
"Early May","Kansas",20,2020-05-02,2020-05-15,441,44.2,57.8
"Early May","Kentucky",21,2020-05-02,2020-05-15,400,47,71
"Early May","Louisiana",22,2020-05-02,2020-05-15,389,50.4,67.4
"Early May","Massachusetts",25,2020-05-02,2020-05-15,475,34.4,77.3
"Early May","Maryland",24,2020-05-02,2020-05-15,401,26.9,72.2
"Early May","Maine",23,2020-05-02,2020-05-15,371,37.2,56.8
"Early May","Michigan",26,2020-05-02,2020-05-15,527,33.8,62
"Early May","Minnesota",27,2020-05-02,2020-05-15,420,39,62.4
"Early May","Missouri",29,2020-05-02,2020-05-15,478,46.8,49.2
"Early May","Mississippi",28,2020-05-02,2020-05-15,348,49.6,52.7
"Early May","Montana",30,2020-05-02,2020-05-15,255,49,62.3
"Early May","North Carolina",37,2020-05-02,2020-05-15,524,46.1,60.3
"Early May","North Dakota",38,2020-05-02,2020-05-15,212,41.8,54.5
"Early May","Nebraska",31,2020-05-02,2020-05-15,264,48.7,53.3
"Early May","New Hampshire",33,2020-05-02,2020-05-15,370,33.6,71.3
"Early May","New Jersey",34,2020-05-02,2020-05-15,539,37,66.7
"Early May","New Mexico",35,2020-05-02,2020-05-15,209,29.9,66.7
"Early May","Nevada",32,2020-05-02,2020-05-15,397,36.7,60.2
"Early May","New York",36,2020-05-02,2020-05-15,623,34.9,69.6
"Early May","Ohio",39,2020-05-02,2020-05-15,530,45.2,76.7
"Early May","Oklahoma",40,2020-05-02,2020-05-15,332,49.1,48.1
"Early May","Oregon",41,2020-05-02,2020-05-15,409,36.4,52.7
"Early May","Pennsylvania",42,2020-05-02,2020-05-15,566,40,56
"Early May","Rhode Island",44,2020-05-02,2020-05-15,319,31.1,72
"Early May","South Carolina",45,2020-05-02,2020-05-15,424,49.5,49.3
"Early May","South Dakota",46,2020-05-02,2020-05-15,230,41.2,44.5
"Early May","Tennessee",47,2020-05-02,2020-05-15,456,49.8,50.6
"Early May","Texas",48,2020-05-02,2020-05-15,580,38.4,51.9
"Early May","Utah",49,2020-05-02,2020-05-15,313,47.6,56.8
"Early May","Virginia",51,2020-05-02,2020-05-15,509,38.7,53.6
"Early May","Vermont",50,2020-05-02,2020-05-15,241,32.7,74.8
"Early May","Washington",53,2020-05-02,2020-05-15,434,29.8,64.9
"Early May","Wisconsin",55,2020-05-02,2020-05-15,549,32.1,55.5
"Early May","West Virginia",54,2020-05-02,2020-05-15,326,57.6,72.8
"Early May","Wyoming",56,2020-05-02,2020-05-15,115,67.1,54.2
"Late May","United States",NA,2020-05-16,2020-06-01,18103,34.4,54.5
"Late May","Alaska",2,2020-05-16,2020-06-01,104,35.2,47.7
"Late May","Alabama",1,2020-05-16,2020-06-01,353,42.2,45.6
"Late May","Arkansas",5,2020-05-16,2020-06-01,296,46.1,52.2
"Late May","Arizona",4,2020-05-16,2020-06-01,477,34.4,41.4
"Late May","California",6,2020-05-16,2020-06-01,873,26.7,58
"Late May","Colorado",8,2020-05-16,2020-06-01,386,33.9,52.3
"Late May","Connecticut",9,2020-05-16,2020-06-01,242,30.7,63.7
"Late May","Delaware",10,2020-05-16,2020-06-01,263,30.1,53.1
"Late May","Florida",12,2020-05-16,2020-06-01,607,37.7,49.4
"Late May","Georgia",13,2020-05-16,2020-06-01,430,34.8,35.2
"Late May","Hawaii",15,2020-05-16,2020-06-01,272,19.7,40.8
"Late May","Iowa",19,2020-05-16,2020-06-01,244,33.5,36.8
"Late May","Idaho",16,2020-05-16,2020-06-01,367,42.3,50.5
"Late May","Illinois",17,2020-05-16,2020-06-01,516,34.3,52.2
"Late May","Indiana",18,2020-05-16,2020-06-01,377,38.9,56.3
"Late May","Kansas",20,2020-05-16,2020-06-01,237,38,57
"Late May","Kentucky",21,2020-05-16,2020-06-01,328,44,62.9
"Late May","Louisiana",22,2020-05-16,2020-06-01,361,45.4,60
"Late May","Massachusetts",25,2020-05-16,2020-06-01,434,26.9,71.8
"Late May","Maryland",24,2020-05-16,2020-06-01,395,24.4,69.4
"Late May","Maine",23,2020-05-16,2020-06-01,366,34.4,50.1
"Late May","Michigan",26,2020-05-16,2020-06-01,480,29.1,59.4
"Late May","Minnesota",27,2020-05-16,2020-06-01,337,33.4,59.4
"Late May","Missouri",29,2020-05-16,2020-06-01,446,36,41.6
"Late May","Mississippi",28,2020-05-16,2020-06-01,229,47.6,54.2
"Late May","Montana",30,2020-05-16,2020-06-01,129,37.7,56.6
"Late May","North Carolina",37,2020-05-16,2020-06-01,507,40.4,52.5
"Late May","North Dakota",38,2020-05-16,2020-06-01,212,45.2,63.3
"Late May","Nebraska",31,2020-05-16,2020-06-01,159,37.8,50.8
"Late May","New Hampshire",33,2020-05-16,2020-06-01,349,25.6,67.9
"Late May","New Jersey",34,2020-05-16,2020-06-01,527,30,57.8
"Late May","New Mexico",35,2020-05-16,2020-06-01,163,35.4,54
"Late May","Nevada",32,2020-05-16,2020-06-01,282,30.6,54.8
"Late May","New York",36,2020-05-16,2020-06-01,619,33.6,68.8
"Late May","Ohio",39,2020-05-16,2020-06-01,479,40.6,69.2
"Late May","Oklahoma",40,2020-05-16,2020-06-01,287,42.1,44.1
"Late May","Oregon",41,2020-05-16,2020-06-01,412,32.7,53.8
"Late May","Pennsylvania",42,2020-05-16,2020-06-01,543,36.6,52.1
"Late May","Rhode Island",44,2020-05-16,2020-06-01,178,16.9,65.6
"Late May","South Carolina",45,2020-05-16,2020-06-01,346,43.3,46.2
"Late May","South Dakota",46,2020-05-16,2020-06-01,177,41.5,40.1
"Late May","Tennessee",47,2020-05-16,2020-06-01,389,49.9,50.2
"Late May","Texas",48,2020-05-16,2020-06-01,618,36.2,48.5
"Late May","Utah",49,2020-05-16,2020-06-01,273,38.6,56
"Late May","Virginia",51,2020-05-16,2020-06-01,454,35.3,53.7
"Late May","Vermont",50,2020-05-16,2020-06-01,163,22.4,74.2
"Late May","Washington",53,2020-05-16,2020-06-01,494,25.9,53.3
"Late May","Wisconsin",55,2020-05-16,2020-06-01,418,29.1,50.4
"Late May","West Virginia",54,2020-05-16,2020-06-01,196,44.2,67.3
"Late May","Wyoming",56,2020-05-16,2020-06-01,107,52.4,58.8
"Late Jun","United States",NA,2020-06-12,2020-06-28,22470,34,52.8
"Late Jun","Alaska",2,2020-06-12,2020-06-28,167,36.9,50.6
"Late Jun","Alabama",1,2020-06-12,2020-06-28,411,45.3,47.7
"Late Jun","Arkansas",5,2020-06-12,2020-06-28,382,40.5,46.6
"Late Jun","Arizona",4,2020-06-12,2020-06-28,594,34.9,32.8
"Late Jun","California",6,2020-06-12,2020-06-28,844,25.3,58.1
"Late Jun","Colorado",8,2020-06-12,2020-06-28,481,30.9,52.3
"Late Jun","Connecticut",9,2020-06-12,2020-06-28,416,26,59
"Late Jun","Delaware",10,2020-06-12,2020-06-28,353,27.6,53.8
"Late Jun","Florida",12,2020-06-12,2020-06-28,845,39.6,42.9
"Late Jun","Georgia",13,2020-06-12,2020-06-28,497,42.5,43.1
"Late Jun","Hawaii",15,2020-06-12,2020-06-28,450,22.8,42.9
"Late Jun","Iowa",19,2020-06-12,2020-06-28,414,28.7,36.9
"Late Jun","Idaho",16,2020-06-12,2020-06-28,355,35.9,48.7
"Late Jun","Illinois",17,2020-06-12,2020-06-28,552,28.3,57.9
"Late Jun","Indiana",18,2020-06-12,2020-06-28,488,36.9,55.9
"Late Jun","Kansas",20,2020-06-12,2020-06-28,375,36,51.1
"Late Jun","Kentucky",21,2020-06-12,2020-06-28,443,47.2,62.1
"Late Jun","Louisiana",22,2020-06-12,2020-06-28,398,48.9,64.2
"Late Jun","Massachusetts",25,2020-06-12,2020-06-28,466,24.2,69.5
"Late Jun","Maryland",24,2020-06-12,2020-06-28,456,29.5,68.9
"Late Jun","Maine",23,2020-06-12,2020-06-28,377,33.3,50.1
"Late Jun","Michigan",26,2020-06-12,2020-06-28,462,26.4,68.9
"Late Jun","Minnesota",27,2020-06-12,2020-06-28,492,32.6,53.8
"Late Jun","Missouri",29,2020-06-12,2020-06-28,482,41.8,44
"Late Jun","Mississippi",28,2020-06-12,2020-06-28,342,47.9,50.1
"Late Jun","Montana",30,2020-06-12,2020-06-28,295,40.5,56.5
"Late Jun","North Carolina",37,2020-06-12,2020-06-28,538,34.8,49.4
"Late Jun","North Dakota",38,2020-06-12,2020-06-28,190,51.6,63.7
"Late Jun","Nebraska",31,2020-06-12,2020-06-28,380,40.5,49.6
"Late Jun","New Hampshire",33,2020-06-12,2020-06-28,368,29.5,71.5
"Late Jun","New Jersey",34,2020-06-12,2020-06-28,498,29,66.1
"Late Jun","New Mexico",35,2020-06-12,2020-06-28,307,26.5,41.8
"Late Jun","Nevada",32,2020-06-12,2020-06-28,391,30.9,51.3
"Late Jun","New York",36,2020-06-12,2020-06-28,656,29.3,64.4
"Late Jun","Ohio",39,2020-06-12,2020-06-28,577,37.7,66
"Late Jun","Oklahoma",40,2020-06-12,2020-06-28,362,43.3,44.9
"Late Jun","Oregon",41,2020-06-12,2020-06-28,447,34.9,47.9
"Late Jun","Pennsylvania",42,2020-06-12,2020-06-28,600,36.2,48
"Late Jun","Rhode Island",44,2020-06-12,2020-06-28,308,24.6,63.1
"Late Jun","South Carolina",45,2020-06-12,2020-06-28,466,39.5,43.5
"Late Jun","South Dakota",46,2020-06-12,2020-06-28,298,41.3,53.9
"Late Jun","Tennessee",47,2020-06-12,2020-06-28,480,44.2,46
"Late Jun","Texas",48,2020-06-12,2020-06-28,875,37,44.5
"Late Jun","Utah",49,2020-06-12,2020-06-28,345,37,49.3
"Late Jun","Virginia",51,2020-06-12,2020-06-28,569,33.3,49.2
"Late Jun","Vermont",50,2020-06-12,2020-06-28,228,27.3,74.7
"Late Jun","Washington",53,2020-06-12,2020-06-28,431,30,58.1
"Late Jun","Wisconsin",55,2020-06-12,2020-06-28,469,29.8,47.9
"Late Jun","West Virginia",54,2020-06-12,2020-06-28,336,50.7,64.6
"Late Jun","Wyoming",56,2020-06-12,2020-06-28,147,51.9,55
"Late Jul","United States",NA,2020-07-10,2020-07-27,19058,32.3,51.1
"Late Jul","Alaska",2,2020-07-10,2020-07-27,128,31.6,47.2
"Late Jul","Alabama",1,2020-07-10,2020-07-27,435,46.5,47.3
"Late Jul","Arkansas",5,2020-07-10,2020-07-27,387,39.2,41.2
"Late Jul","Arizona",4,2020-07-10,2020-07-27,332,37.8,29.5
"Late Jul","California",6,2020-07-10,2020-07-27,546,30.1,58.3
"Late Jul","Colorado",8,2020-07-10,2020-07-27,364,26.6,51.2
"Late Jul","Connecticut",9,2020-07-10,2020-07-27,403,21.9,59.3
"Late Jul","Delaware",10,2020-07-10,2020-07-27,285,24.3,51
"Late Jul","Florida",12,2020-07-10,2020-07-27,489,39.1,40.4
"Late Jul","Georgia",13,2020-07-10,2020-07-27,436,37.9,36.5
"Late Jul","Hawaii",15,2020-07-10,2020-07-27,290,20.1,38.6
"Late Jul","Iowa",19,2020-07-10,2020-07-27,409,29,28.1
"Late Jul","Idaho",16,2020-07-10,2020-07-27,350,36.3,42.4
"Late Jul","Illinois",17,2020-07-10,2020-07-27,470,26.3,51.6
"Late Jul","Indiana",18,2020-07-10,2020-07-27,319,30.3,50.2
"Late Jul","Kansas",20,2020-07-10,2020-07-27,365,35.3,50.2
"Late Jul","Kentucky",21,2020-07-10,2020-07-27,389,45,59.3
"Late Jul","Louisiana",22,2020-07-10,2020-07-27,401,38.2,49.5
"Late Jul","Massachusetts",25,2020-07-10,2020-07-27,363,25.8,69.6
"Late Jul","Maryland",24,2020-07-10,2020-07-27,462,21.9,75.4
"Late Jul","Maine",23,2020-07-10,2020-07-27,312,31.5,54.5
"Late Jul","Michigan",26,2020-07-10,2020-07-27,364,30.2,67.1
"Late Jul","Minnesota",27,2020-07-10,2020-07-27,381,36.3,52.2
"Late Jul","Missouri",29,2020-07-10,2020-07-27,357,39.4,38.1
"Late Jul","Mississippi",28,2020-07-10,2020-07-27,374,36.6,41.9
"Late Jul","Montana",30,2020-07-10,2020-07-27,292,34.7,52.7
"Late Jul","North Carolina",37,2020-07-10,2020-07-27,428,35.5,47.6
"Late Jul","North Dakota",38,2020-07-10,2020-07-27,209,36.3,58.2
"Late Jul","Nebraska",31,2020-07-10,2020-07-27,336,39.1,41.4
"Late Jul","New Hampshire",33,2020-07-10,2020-07-27,314,30,63.5
"Late Jul","New Jersey",34,2020-07-10,2020-07-27,389,27.8,59.6
"Late Jul","New Mexico",35,2020-07-10,2020-07-27,333,26.5,53.4
"Late Jul","Nevada",32,2020-07-10,2020-07-27,432,33.9,46.8
"Late Jul","New York",36,2020-07-10,2020-07-27,465,30.8,71.1
"Late Jul","Ohio",39,2020-07-10,2020-07-27,478,34.6,58
"Late Jul","Oklahoma",40,2020-07-10,2020-07-27,382,31.4,33.7
"Late Jul","Oregon",41,2020-07-10,2020-07-27,396,33.6,46.7
"Late Jul","Pennsylvania",42,2020-07-10,2020-07-27,478,35.9,51.7
"Late Jul","Rhode Island",44,2020-07-10,2020-07-27,321,26.2,71.4
"Late Jul","South Carolina",45,2020-07-10,2020-07-27,418,39.8,44
"Late Jul","South Dakota",46,2020-07-10,2020-07-27,256,42.8,53.8
"Late Jul","Tennessee",47,2020-07-10,2020-07-27,466,44.2,44
"Late Jul","Texas",48,2020-07-10,2020-07-27,483,31.9,37.7
"Late Jul","Utah",49,2020-07-10,2020-07-27,439,31.7,44.1
"Late Jul","Virginia",51,2020-07-10,2020-07-27,402,32.7,59
"Late Jul","Vermont",50,2020-07-10,2020-07-27,202,32.9,75
"Late Jul","Washington",53,2020-07-10,2020-07-27,444,32.2,57.1
"Late Jul","Wisconsin",55,2020-07-10,2020-07-27,445,28.5,45.5
"Late Jul","West Virginia",54,2020-07-10,2020-07-27,361,43.8,54.4
"Late Jul","Wyoming",56,2020-07-10,2020-07-27,156,49.8,59.5
"Late Aug","United States",NA,2020-08-07,2020-08-26,21196,33.7,48.4
"Late Aug","Alaska",2,2020-08-07,2020-08-26,123,25.8,42.3
"Late Aug","Alabama",1,2020-08-07,2020-08-26,519,46.2,44.4
"Late Aug","Arkansas",5,2020-08-07,2020-08-26,386,44.3,42.8
"Late Aug","Arizona",4,2020-08-07,2020-08-26,463,30.8,30.2
"Late Aug","California",6,2020-08-07,2020-08-26,807,27.7,47.4
"Late Aug","Colorado",8,2020-08-07,2020-08-26,475,32.7,51.6
"Late Aug","Connecticut",9,2020-08-07,2020-08-26,413,30.2,64.7
"Late Aug","Delaware",10,2020-08-07,2020-08-26,279,33.5,60.3
"Late Aug","Florida",12,2020-08-07,2020-08-26,579,29.3,29.2
"Late Aug","Georgia",13,2020-08-07,2020-08-26,600,35.2,36.2
"Late Aug","Hawaii",15,2020-08-07,2020-08-26,255,27.5,30.7
"Late Aug","Iowa",19,2020-08-07,2020-08-26,250,33.7,25.5
"Late Aug","Idaho",16,2020-08-07,2020-08-26,267,48.6,34
"Late Aug","Illinois",17,2020-08-07,2020-08-26,506,30.3,56.6
"Late Aug","Indiana",18,2020-08-07,2020-08-26,463,37.6,47.1
"Late Aug","Kansas",20,2020-08-07,2020-08-26,435,39.4,46.3
"Late Aug","Kentucky",21,2020-08-07,2020-08-26,512,42.2,57.5
"Late Aug","Louisiana",22,2020-08-07,2020-08-26,441,44.2,52.5
"Late Aug","Massachusetts",25,2020-08-07,2020-08-26,603,24.1,68
"Late Aug","Maryland",24,2020-08-07,2020-08-26,538,26.1,70.6
"Late Aug","Maine",23,2020-08-07,2020-08-26,286,40.1,54.3
"Late Aug","Michigan",26,2020-08-07,2020-08-26,579,32.5,63.7
"Late Aug","Minnesota",27,2020-08-07,2020-08-26,526,35,50.5
"Late Aug","Missouri",29,2020-08-07,2020-08-26,508,43.1,39
"Late Aug","Mississippi",28,2020-08-07,2020-08-26,401,45.1,33.5
"Late Aug","Montana",30,2020-08-07,2020-08-26,210,32,49.1
"Late Aug","North Carolina",37,2020-08-07,2020-08-26,520,33.9,51.7
"Late Aug","North Dakota",38,2020-08-07,2020-08-26,185,37.8,52.6
"Late Aug","Nebraska",31,2020-08-07,2020-08-26,306,34.4,40.3
"Late Aug","New Hampshire",33,2020-08-07,2020-08-26,201,32.8,63.1
"Late Aug","New Jersey",34,2020-08-07,2020-08-26,515,29.7,59.6
"Late Aug","New Mexico",35,2020-08-07,2020-08-26,313,32.8,52.8
"Late Aug","Nevada",32,2020-08-07,2020-08-26,436,32.1,41.3
"Late Aug","New York",36,2020-08-07,2020-08-26,614,31.1,61
"Late Aug","Ohio",39,2020-08-07,2020-08-26,518,36.2,58.5
"Late Aug","Oklahoma",40,2020-08-07,2020-08-26,485,40.7,34.7
"Late Aug","Oregon",41,2020-08-07,2020-08-26,471,28.2,38.7
"Late Aug","Pennsylvania",42,2020-08-07,2020-08-26,512,36.8,47.6
"Late Aug","Rhode Island",44,2020-08-07,2020-08-26,255,20.8,60
"Late Aug","South Carolina",45,2020-08-07,2020-08-26,451,42.8,36.5
"Late Aug","South Dakota",46,2020-08-07,2020-08-26,184,35.5,47.5
"Late Aug","Tennessee",47,2020-08-07,2020-08-26,498,44.9,39.8
"Late Aug","Texas",48,2020-08-07,2020-08-26,637,29.7,34.9
"Late Aug","Utah",49,2020-08-07,2020-08-26,270,38.2,43.7
"Late Aug","Virginia",51,2020-08-07,2020-08-26,542,33.2,45.6
"Late Aug","Vermont",50,2020-08-07,2020-08-26,131,30.5,75.8
"Late Aug","Washington",53,2020-08-07,2020-08-26,487,26.3,50.1
"Late Aug","Wisconsin",55,2020-08-07,2020-08-26,449,29.4,42.9
"Late Aug","West Virginia",54,2020-08-07,2020-08-26,372,47.6,55.5
"Late Aug","Wyoming",56,2020-08-07,2020-08-26,142,45.7,48.1
"Late Sept","United States",NA,2020-09-04,2020-09-28,20315,34.5,47.5
"Late Sept","Alaska",2,2020-09-04,2020-09-28,144,30.2,34.4
"Late Sept","Alabama",1,2020-09-04,2020-09-28,427,50.2,46.3
"Late Sept","Arkansas",5,2020-09-04,2020-09-28,268,43.9,51.6
"Late Sept","Arizona",4,2020-09-04,2020-09-28,485,36.2,37
"Late Sept","California",6,2020-09-04,2020-09-28,957,25.2,50.7
"Late Sept","Colorado",8,2020-09-04,2020-09-28,374,29.7,52.1
"Late Sept","Connecticut",9,2020-09-04,2020-09-28,394,23.3,56.9
"Late Sept","Delaware",10,2020-09-04,2020-09-28,293,28.8,47.9
"Late Sept","Florida",12,2020-09-04,2020-09-28,749,34,33.5
"Late Sept","Georgia",13,2020-09-04,2020-09-28,520,39.2,37.6
"Late Sept","Hawaii",15,2020-09-04,2020-09-28,295,21.2,30.6
"Late Sept","Iowa",19,2020-09-04,2020-09-28,318,40.3,27.2
"Late Sept","Idaho",16,2020-09-04,2020-09-28,320,42.1,46.1
"Late Sept","Illinois",17,2020-09-04,2020-09-28,556,30.1,49.7
"Late Sept","Indiana",18,2020-09-04,2020-09-28,433,38.7,46.2
"Late Sept","Kansas",20,2020-09-04,2020-09-28,308,42.2,50.8
"Late Sept","Kentucky",21,2020-09-04,2020-09-28,317,45.8,56.8
"Late Sept","Louisiana",22,2020-09-04,2020-09-28,304,42.1,43.3
"Late Sept","Massachusetts",25,2020-09-04,2020-09-28,448,27,70.7
"Late Sept","Maryland",24,2020-09-04,2020-09-28,473,25.8,67.2
"Late Sept","Maine",23,2020-09-04,2020-09-28,275,37.5,51.8
"Late Sept","Michigan",26,2020-09-04,2020-09-28,386,33.2,53.4
"Late Sept","Minnesota",27,2020-09-04,2020-09-28,337,30.1,49.4
"Late Sept","Missouri",29,2020-09-04,2020-09-28,481,44.2,37
"Late Sept","Mississippi",28,2020-09-04,2020-09-28,309,45.2,35
"Late Sept","Montana",30,2020-09-04,2020-09-28,242,45,45
"Late Sept","North Carolina",37,2020-09-04,2020-09-28,505,39.8,51.3
"Late Sept","North Dakota",38,2020-09-04,2020-09-28,202,39.8,51.5
"Late Sept","Nebraska",31,2020-09-04,2020-09-28,275,38.4,42.1
"Late Sept","New Hampshire",33,2020-09-04,2020-09-28,274,28.1,65
"Late Sept","New Jersey",34,2020-09-04,2020-09-28,467,30.4,58.2
"Late Sept","New Mexico",35,2020-09-04,2020-09-28,320,26.3,48
"Late Sept","Nevada",32,2020-09-04,2020-09-28,302,32.8,43.7
"Late Sept","New York",36,2020-09-04,2020-09-28,686,28.4,57.6
"Late Sept","Ohio",39,2020-09-04,2020-09-28,551,40.7,56.4
"Late Sept","Oklahoma",40,2020-09-04,2020-09-28,362,44.6,38.6
"Late Sept","Oregon",41,2020-09-04,2020-09-28,363,34.8,45.6
"Late Sept","Pennsylvania",42,2020-09-04,2020-09-28,586,32.9,48.5
"Late Sept","Rhode Island",44,2020-09-04,2020-09-28,283,27.3,61.5
"Late Sept","South Carolina",45,2020-09-04,2020-09-28,360,37.2,36.5
"Late Sept","South Dakota",46,2020-09-04,2020-09-28,160,42.4,42.1
"Late Sept","Tennessee",47,2020-09-04,2020-09-28,537,41,38.1
"Late Sept","Texas",48,2020-09-04,2020-09-28,982,34.5,39.7
"Late Sept","Utah",49,2020-09-04,2020-09-28,417,42.2,46
"Late Sept","Virginia",51,2020-09-04,2020-09-28,462,36,45.7
"Late Sept","Vermont",50,2020-09-04,2020-09-28,141,20.5,69.8
"Late Sept","Washington",53,2020-09-04,2020-09-28,481,29.6,51.3
"Late Sept","Wisconsin",55,2020-09-04,2020-09-28,447,33.8,39
"Late Sept","West Virginia",54,2020-09-04,2020-09-28,321,57.7,49.5
"Late Sept","Wyoming",56,2020-09-04,2020-09-28,131,47.5,42.5
"October","United States",NA,2020-10-02,2020-11-04,27342,35.2,48.4
"October","Alaska",2,2020-10-02,2020-11-04,320,35.9,47.6
"October","Alabama",1,2020-10-02,2020-11-04,511,47.6,45.9
"October","Arkansas",5,2020-10-02,2020-11-04,380,45.4,50
"October","Arizona",4,2020-10-02,2020-11-04,520,36.7,35.6
"October","California",6,2020-10-02,2020-11-04,788,27,48.3
"October","Colorado",8,2020-10-02,2020-11-04,446,33.8,55.9
"October","Connecticut",9,2020-10-02,2020-11-04,439,28.1,62.8
"October","Delaware",10,2020-10-02,2020-11-04,336,28.3,47
"October","Florida",12,2020-10-02,2020-11-04,836,38.9,39.2
"October","Georgia",13,2020-10-02,2020-11-04,559,38.6,40.7
"October","Hawaii",15,2020-10-02,2020-11-04,558,21.2,27.8
"October","Iowa",19,2020-10-02,2020-11-04,485,30.6,26.8
"October","Idaho",16,2020-10-02,2020-11-04,364,44.9,41.3
"October","Illinois",17,2020-10-02,2020-11-04,684,29.4,49.9
"October","Indiana",18,2020-10-02,2020-11-04,581,42.9,49.1
"October","Kansas",20,2020-10-02,2020-11-04,365,38.5,51.1
"October","Kentucky",21,2020-10-02,2020-11-04,577,42.1,55
"October","Louisiana",22,2020-10-02,2020-11-04,454,45.3,48.8
"October","Massachusetts",25,2020-10-02,2020-11-04,549,26.2,64.8
"October","Maryland",24,2020-10-02,2020-11-04,558,27,66.3
"October","Maine",23,2020-10-02,2020-11-04,534,35.8,54.2
"October","Michigan",26,2020-10-02,2020-11-04,618,36.4,54.4
"October","Minnesota",27,2020-10-02,2020-11-04,588,34.3,50.3
"October","Missouri",29,2020-10-02,2020-11-04,655,45.5,41
"October","Mississippi",28,2020-10-02,2020-11-04,530,46.6,40
"October","Montana",30,2020-10-02,2020-11-04,434,39.8,48.9
"October","North Carolina",37,2020-10-02,2020-11-04,703,40.8,48.2
"October","North Dakota",38,2020-10-02,2020-11-04,433,36.5,43.5
"October","Nebraska",31,2020-10-02,2020-11-04,478,34.4,39.6
"October","New Hampshire",33,2020-10-02,2020-11-04,370,31.2,55.3
"October","New Jersey",34,2020-10-02,2020-11-04,618,32.3,61.6
"October","New Mexico",35,2020-10-02,2020-11-04,356,32.9,48.2
"October","Nevada",32,2020-10-02,2020-11-04,494,35.7,49.9
"October","New York",36,2020-10-02,2020-11-04,847,30.4,57.2
"October","Ohio",39,2020-10-02,2020-11-04,749,41.6,59.1
"October","Oklahoma",40,2020-10-02,2020-11-04,475,40.8,35.6
"October","Oregon",41,2020-10-02,2020-11-04,468,33.2,43
"October","Pennsylvania",42,2020-10-02,2020-11-04,912,38,47.1
"October","Rhode Island",44,2020-10-02,2020-11-04,429,26.5,57.6
"October","South Carolina",45,2020-10-02,2020-11-04,630,38.5,38.3
"October","South Dakota",46,2020-10-02,2020-11-04,446,35.6,37.5
"October","Tennessee",47,2020-10-02,2020-11-04,607,46,42.8
"October","Texas",48,2020-10-02,2020-11-04,848,36.1,40.1
"October","Utah",49,2020-10-02,2020-11-04,433,38.2,42
"October","Virginia",51,2020-10-02,2020-11-04,548,36.5,51.3
"October","Vermont",50,2020-10-02,2020-11-04,341,25.6,78
"October","Washington",53,2020-10-02,2020-11-04,580,30.7,53.8
"October","Wisconsin",55,2020-10-02,2020-11-04,578,31.1,40.7
"October","West Virginia",54,2020-10-02,2020-11-04,575,46.4,47.6
"October","Wyoming",56,2020-10-02,2020-11-04,282,46.5,51
"November","United States",NA,2020-11-03,2020-12-01,24017,32.5,47.4
"November","Alaska",2,2020-11-03,2020-12-01,331,40.9,44.6
"November","Alabama",1,2020-11-03,2020-12-01,444,45.9,44.5
"November","Arkansas",5,2020-11-03,2020-12-01,360,35.9,36.2
"November","Arizona",4,2020-11-03,2020-12-01,502,32.3,35.6
"November","California",6,2020-11-03,2020-12-01,704,25.9,47.3
"November","Colorado",8,2020-11-03,2020-12-01,465,31.3,48.5
"November","Connecticut",9,2020-11-03,2020-12-01,425,21.1,62.3
"November","Delaware",10,2020-11-03,2020-12-01,394,25.9,53.8
"November","Florida",12,2020-11-03,2020-12-01,683,34.4,37.9
"November","Georgia",13,2020-11-03,2020-12-01,601,36,36.6
"November","Hawaii",15,2020-11-03,2020-12-01,340,26.4,36.7
"November","Iowa",19,2020-11-03,2020-12-01,396,34.5,31.6
"November","Idaho",16,2020-11-03,2020-12-01,491,37.7,35.8
"November","Illinois",17,2020-11-03,2020-12-01,549,33.2,47.7
"November","Indiana",18,2020-11-03,2020-12-01,423,38.9,44.6
"November","Kansas",20,2020-11-03,2020-12-01,401,31,50.9
"November","Kentucky",21,2020-11-03,2020-12-01,446,38.7,54.9
"November","Louisiana",22,2020-11-03,2020-12-01,408,37.5,48
"November","Massachusetts",25,2020-11-03,2020-12-01,460,23.5,63.7
"November","Maryland",24,2020-11-03,2020-12-01,378,29.9,66.8
"November","Maine",23,2020-11-03,2020-12-01,636,31.4,58.2
"November","Michigan",26,2020-11-03,2020-12-01,555,34.3,54
"November","Minnesota",27,2020-11-03,2020-12-01,465,37.9,50
"November","Missouri",29,2020-11-03,2020-12-01,530,37.9,38.4
"November","Mississippi",28,2020-11-03,2020-12-01,460,35.2,31.3
"November","Montana",30,2020-11-03,2020-12-01,460,38.4,46.8
"November","North Carolina",37,2020-11-03,2020-12-01,568,32.6,51.3
"November","North Dakota",38,2020-11-03,2020-12-01,396,32.9,30.4
"November","Nebraska",31,2020-11-03,2020-12-01,421,34.7,38.5
"November","New Hampshire",33,2020-11-03,2020-12-01,389,28.5,60
"November","New Jersey",34,2020-11-03,2020-12-01,478,25.4,59.1
"November","New Mexico",35,2020-11-03,2020-12-01,378,33.9,45.7
"November","Nevada",32,2020-11-03,2020-12-01,457,26.7,49.9
"November","New York",36,2020-11-03,2020-12-01,715,32.1,60.4
"November","Ohio",39,2020-11-03,2020-12-01,533,42.2,56.4
"November","Oklahoma",40,2020-11-03,2020-12-01,425,39.3,38.8
"November","Oregon",41,2020-11-03,2020-12-01,478,30.1,43.7
"November","Pennsylvania",42,2020-11-03,2020-12-01,519,34.9,42.7
"November","Rhode Island",44,2020-11-03,2020-12-01,493,21.2,57.6
"November","South Carolina",45,2020-11-03,2020-12-01,475,42.6,41.1
"November","South Dakota",46,2020-11-03,2020-12-01,407,40.8,37.8
"November","Tennessee",47,2020-11-03,2020-12-01,440,40.9,43.1
"November","Texas",48,2020-11-03,2020-12-01,682,39.2,42.8
"November","Utah",49,2020-11-03,2020-12-01,403,38,39.9
"November","Virginia",51,2020-11-03,2020-12-01,447,31.1,48.3
"November","Vermont",50,2020-11-03,2020-12-01,285,18.9,77.3
"November","Washington",53,2020-11-03,2020-12-01,496,28.1,54.6
"November","Wisconsin",55,2020-11-03,2020-12-01,724,29.1,47.8
"November","West Virginia",54,2020-11-03,2020-12-01,365,50.5,54.5
"November","Wyoming",56,2020-11-03,2020-12-01,286,44,42.8
"December","United States",NA,2020-12-16,2021-01-11,25640,32,47.1
"December","Alaska",2,2020-12-16,2021-01-11,408,36.8,40.8
"December","Alabama",1,2020-12-16,2021-01-11,454,42.7,45.3
"December","Arkansas",5,2020-12-16,2021-01-11,470,39.2,41.3
"December","Arizona",4,2020-12-16,2021-01-11,467,36.7,28
"December","California",6,2020-12-16,2021-01-11,568,25.5,42.5
"December","Colorado",8,2020-12-16,2021-01-11,504,29.9,55.4
"December","Connecticut",9,2020-12-16,2021-01-11,510,26.2,59.5
"December","Delaware",10,2020-12-16,2021-01-11,539,30,51.4
"December","Florida",12,2020-12-16,2021-01-11,552,34.4,38.4
"December","Georgia",13,2020-12-16,2021-01-11,495,38.1,34
"December","Hawaii",15,2020-12-16,2021-01-11,601,18.7,39
"December","Iowa",19,2020-12-16,2021-01-11,437,29.6,30.8
"December","Idaho",16,2020-12-16,2021-01-11,568,38.6,31.2
"December","Illinois",17,2020-12-16,2021-01-11,538,26.1,51.4
"December","Indiana",18,2020-12-16,2021-01-11,484,41.4,43.3
"December","Kansas",20,2020-12-16,2021-01-11,488,34.9,51
"December","Kentucky",21,2020-12-16,2021-01-11,449,39.8,56.1
"December","Louisiana",22,2020-12-16,2021-01-11,489,43.6,49.3
"December","Massachusetts",25,2020-12-16,2021-01-11,519,21.1,65
"December","Maryland",24,2020-12-16,2021-01-11,505,24.7,66.1
"December","Maine",23,2020-12-16,2021-01-11,600,33.8,53.4
"December","Michigan",26,2020-12-16,2021-01-11,496,34.4,54.8
"December","Minnesota",27,2020-12-16,2021-01-11,511,28.3,56.6
"December","Missouri",29,2020-12-16,2021-01-11,493,33.6,31.1
"December","Mississippi",28,2020-12-16,2021-01-11,514,33.9,32.6
"December","Montana",30,2020-12-16,2021-01-11,539,41.9,46
"December","North Carolina",37,2020-12-16,2021-01-11,531,30.3,51.6
"December","North Dakota",38,2020-12-16,2021-01-11,508,38,40.6
"December","Nebraska",31,2020-12-16,2021-01-11,593,38.6,36.5
"December","New Hampshire",33,2020-12-16,2021-01-11,567,26.7,60.7
"December","New Jersey",34,2020-12-16,2021-01-11,466,29.1,56
"December","New Mexico",35,2020-12-16,2021-01-11,483,28.3,47.7
"December","Nevada",32,2020-12-16,2021-01-11,489,27.2,44
"December","New York",36,2020-12-16,2021-01-11,523,25.9,63.3
"December","Ohio",39,2020-12-16,2021-01-11,494,37.7,49.8
"December","Oklahoma",40,2020-12-16,2021-01-11,503,40.7,33
"December","Oregon",41,2020-12-16,2021-01-11,545,27.7,46.8
"December","Pennsylvania",42,2020-12-16,2021-01-11,483,36.4,44.1
"December","Rhode Island",44,2020-12-16,2021-01-11,545,25.3,53.8
"December","South Carolina",45,2020-12-16,2021-01-11,454,34.5,34.8
"December","South Dakota",46,2020-12-16,2021-01-11,502,40.3,36.8
"December","Tennessee",47,2020-12-16,2021-01-11,515,39.6,35.4
"December","Texas",48,2020-12-16,2021-01-11,561,33.4,38.3
"December","Utah",49,2020-12-16,2021-01-11,490,35,40.2
"December","Virginia",51,2020-12-16,2021-01-11,446,34.8,49.5
"December","Vermont",50,2020-12-16,2021-01-11,413,26.6,73.5
"December","Washington",53,2020-12-16,2021-01-11,524,25.1,53.8
"December","Wisconsin",55,2020-12-16,2021-01-11,515,30.6,46.5
"December","West Virginia",54,2020-12-16,2021-01-11,449,46.9,53.7
"December","Wyoming",56,2020-12-16,2021-01-11,345,44.1,38.6
"February","United States",NA,2021-02-05,2021-03-01,21500,53.3,46.3
"February","Alaska",2,2021-02-05,2021-03-01,275,42.2,39.2
"February","Alabama",1,2021-02-05,2021-03-01,376,49.3,53.7
"February","Arkansas",5,2021-02-05,2021-03-01,388,38.1,47
"February","Arizona",4,2021-02-05,2021-03-01,388,50.3,32.4
"February","California",6,2021-02-05,2021-03-01,506,64.5,45.1
"February","Colorado",8,2021-02-05,2021-03-01,453,47.6,51.5
"February","Connecticut",9,2021-02-05,2021-03-01,418,55.9,60.9
"February","Delaware",10,2021-02-05,2021-03-01,393,59.8,53.3
"February","Florida",12,2021-02-05,2021-03-01,519,55.4,34.5
"February","Georgia",13,2021-02-05,2021-03-01,460,54.5,35
"February","Hawaii",15,2021-02-05,2021-03-01,367,66.6,46.7
"February","Iowa",19,2021-02-05,2021-03-01,396,57.5,32.2
"February","Idaho",16,2021-02-05,2021-03-01,455,40.9,33.4
"February","Illinois",17,2021-02-05,2021-03-01,486,57.1,44.7
"February","Indiana",18,2021-02-05,2021-03-01,418,40.9,53.8
"February","Kansas",20,2021-02-05,2021-03-01,405,48,43.9
"February","Kentucky",21,2021-02-05,2021-03-01,407,45.4,52.2
"February","Louisiana",22,2021-02-05,2021-03-01,385,37.5,43.1
"February","Massachusetts",25,2021-02-05,2021-03-01,459,67.2,59.1
"February","Maryland",24,2021-02-05,2021-03-01,419,62.9,64.7
"February","Maine",23,2021-02-05,2021-03-01,429,52.4,51.6
"February","Michigan",26,2021-02-05,2021-03-01,454,51.8,51.9
"February","Minnesota",27,2021-02-05,2021-03-01,427,48.6,51.6
"February","Missouri",29,2021-02-05,2021-03-01,426,45.4,33.4
"February","Mississippi",28,2021-02-05,2021-03-01,446,47.4,34.5
"February","Montana",30,2021-02-05,2021-03-01,404,43.4,36.8
"February","North Carolina",37,2021-02-05,2021-03-01,480,54.3,50.5
"February","North Dakota",38,2021-02-05,2021-03-01,350,39.1,38.3
"February","Nebraska",31,2021-02-05,2021-03-01,436,45.3,39.3
"February","New Hampshire",33,2021-02-05,2021-03-01,331,56,60.8
"February","New Jersey",34,2021-02-05,2021-03-01,431,56.1,50.7
"February","New Mexico",35,2021-02-05,2021-03-01,349,50.5,47
"February","Nevada",32,2021-02-05,2021-03-01,389,53.4,43.8
"February","New York",36,2021-02-05,2021-03-01,562,63,53.3
"February","Ohio",39,2021-02-05,2021-03-01,507,50.7,57.4
"February","Oklahoma",40,2021-02-05,2021-03-01,421,38,37.5
"February","Oregon",41,2021-02-05,2021-03-01,442,47.9,39.3
"February","Pennsylvania",42,2021-02-05,2021-03-01,499,52.3,39.4
"February","Rhode Island",44,2021-02-05,2021-03-01,382,54,40.3
"February","South Carolina",45,2021-02-05,2021-03-01,407,48.5,42.5
"February","South Dakota",46,2021-02-05,2021-03-01,412,43.8,42.9
"February","Tennessee",47,2021-02-05,2021-03-01,461,45,37.4
"February","Texas",48,2021-02-05,2021-03-01,534,49.9,41.1
"February","Utah",49,2021-02-05,2021-03-01,425,48.9,50.8
"February","Virginia",51,2021-02-05,2021-03-01,426,57.7,48.7
"February","Vermont",50,2021-02-05,2021-03-01,318,55.1,70.7
"February","Washington",53,2021-02-05,2021-03-01,449,60.8,54.6
"February","Wisconsin",55,2021-02-05,2021-03-01,464,54.3,46.6
"February","West Virginia",54,2021-02-05,2021-03-01,406,37.3,54.6
"February","Wyoming",56,2021-02-05,2021-03-01,295,35.2,36.6
"April","United States",NA,2021-04-01,2021-05-03,21733,58.8,51.8
"April","Alaska",2,2021-04-01,2021-05-03,194,46.9,51.7
"April","Alabama",1,2021-04-01,2021-05-03,424,52,44.9
"April","Arkansas",5,2021-04-01,2021-05-03,352,48.5,47.7
"April","Arizona",4,2021-04-01,2021-05-03,395,56.3,38.1
"April","California",6,2021-04-01,2021-05-03,708,67,52.1
"April","Colorado",8,2021-04-01,2021-05-03,448,61.4,61.5
"April","Connecticut",9,2021-04-01,2021-05-03,411,60.8,65.3
"April","Delaware",10,2021-04-01,2021-05-03,344,61.6,58.4
"April","Florida",12,2021-04-01,2021-05-03,747,62,45.5
"April","Georgia",13,2021-04-01,2021-05-03,471,57.2,44.2
"April","Hawaii",15,2021-04-01,2021-05-03,390,56.6,39.1
"April","Iowa",19,2021-04-01,2021-05-03,378,58.8,34.8
"April","Idaho",16,2021-04-01,2021-05-03,370,40.2,42.8
"April","Illinois",17,2021-04-01,2021-05-03,519,60.9,50.8
"April","Indiana",18,2021-04-01,2021-05-03,415,52.1,49.6
"April","Kansas",20,2021-04-01,2021-05-03,382,47.9,49.4
"April","Kentucky",21,2021-04-01,2021-05-03,369,49,57.1
"April","Louisiana",22,2021-04-01,2021-05-03,362,49.6,52.1
"April","Massachusetts",25,2021-04-01,2021-05-03,427,68.7,68.2
"April","Maryland",24,2021-04-01,2021-05-03,402,62.6,60.9
"April","Maine",23,2021-04-01,2021-05-03,440,57.3,56.9
"April","Michigan",26,2021-04-01,2021-05-03,439,59.1,55.4
"April","Minnesota",27,2021-04-01,2021-05-03,408,54.9,53.2
"April","Missouri",29,2021-04-01,2021-05-03,425,50.3,41.5
"April","Mississippi",28,2021-04-01,2021-05-03,448,56,44
"April","Montana",30,2021-04-01,2021-05-03,349,48.3,45.5
"April","North Carolina",37,2021-04-01,2021-05-03,493,58.8,51.1
"April","North Dakota",38,2021-04-01,2021-05-03,310,43.4,42
"April","Nebraska",31,2021-04-01,2021-05-03,446,47.5,43.1
"April","New Hampshire",33,2021-04-01,2021-05-03,456,60.1,63
"April","New Jersey",34,2021-04-01,2021-05-03,461,67.4,59.5
"April","New Mexico",35,2021-04-01,2021-05-03,449,51.9,53.1
"April","Nevada",32,2021-04-01,2021-05-03,344,58.9,52.9
"April","New York",36,2021-04-01,2021-05-03,699,71.9,59.5
"April","Ohio",39,2021-04-01,2021-05-03,526,55.9,61.9
"April","Oklahoma",40,2021-04-01,2021-05-03,378,46.5,49.7
"April","Oregon",41,2021-04-01,2021-05-03,344,56.7,50.4
"April","Pennsylvania",42,2021-04-01,2021-05-03,567,56,43.9
"April","Rhode Island",44,2021-04-01,2021-05-03,362,57,50
"April","South Carolina",45,2021-04-01,2021-05-03,403,60.8,53.5
"April","South Dakota",46,2021-04-01,2021-05-03,308,45.6,48
"April","Tennessee",47,2021-04-01,2021-05-03,437,52.8,41.2
"April","Texas",48,2021-04-01,2021-05-03,777,63.3,46
"April","Utah",49,2021-04-01,2021-05-03,395,47.4,54.9
"April","Virginia",51,2021-04-01,2021-05-03,423,67.1,60.8
"April","Vermont",50,2021-04-01,2021-05-03,261,63.8,73.8
"April","Washington",53,2021-04-01,2021-05-03,397,58.9,57.8
"April","Wisconsin",55,2021-04-01,2021-05-03,447,64.3,55.6
"April","West Virginia",54,2021-04-01,2021-05-03,390,40,60.2
"April","Wyoming",56,2021-04-01,2021-05-03,268,35.8,46.3
"June","United States",NA,2021-06-09,2021-07-06,20669,56.6,52.3
"June","Alaska",2,2021-06-09,2021-07-06,208,45,48.4
"June","Alabama",1,2021-06-09,2021-07-06,384,42.6,49.2
"June","Arkansas",5,2021-06-09,2021-07-06,343,44.5,48.2
"June","Arizona",4,2021-06-09,2021-07-06,421,52.1,37.4
"June","California",6,2021-06-09,2021-07-06,703,61.2,50.7
"June","Colorado",8,2021-06-09,2021-07-06,423,58.5,56.9
"June","Connecticut",9,2021-06-09,2021-07-06,402,64.3,72.1
"June","Delaware",10,2021-06-09,2021-07-06,360,57.9,54.4
"June","Florida",12,2021-06-09,2021-07-06,640,58.9,45.4
"June","Georgia",13,2021-06-09,2021-07-06,410,56.9,39.8
"June","Hawaii",15,2021-06-09,2021-07-06,321,53.7,43.7
"June","Iowa",19,2021-06-09,2021-07-06,403,55.8,38.4
"June","Idaho",16,2021-06-09,2021-07-06,369,41.5,43.7
"June","Illinois",17,2021-06-09,2021-07-06,509,62.8,55.3
"June","Indiana",18,2021-06-09,2021-07-06,396,43.6,43
"June","Kansas",20,2021-06-09,2021-07-06,399,51.4,47.2
"June","Kentucky",21,2021-06-09,2021-07-06,405,50.8,60.3
"June","Louisiana",22,2021-06-09,2021-07-06,431,45.6,51.3
"June","Massachusetts",25,2021-06-09,2021-07-06,349,65.8,68.5
"June","Maryland",24,2021-06-09,2021-07-06,405,66.4,69.9
"June","Maine",23,2021-06-09,2021-07-06,394,57.1,54.7
"June","Michigan",26,2021-06-09,2021-07-06,425,60.3,57.7
"June","Minnesota",27,2021-06-09,2021-07-06,439,54.7,51.8
"June","Missouri",29,2021-06-09,2021-07-06,461,47.9,37.8
"June","Mississippi",28,2021-06-09,2021-07-06,349,52,40.5
"June","Montana",30,2021-06-09,2021-07-06,312,46,48.5
"June","North Carolina",37,2021-06-09,2021-07-06,465,54,53.2
"June","North Dakota",38,2021-06-09,2021-07-06,272,42.5,37.1
"June","Nebraska",31,2021-06-09,2021-07-06,346,45.6,41
"June","New Hampshire",33,2021-06-09,2021-07-06,357,62.4,63.1
"June","New Jersey",34,2021-06-09,2021-07-06,412,68.1,62.4
"June","New Mexico",35,2021-06-09,2021-07-06,355,50.6,53.5
"June","Nevada",32,2021-06-09,2021-07-06,465,55.2,56.6
"June","New York",36,2021-06-09,2021-07-06,647,68.5,61.5
"June","Ohio",39,2021-06-09,2021-07-06,512,57.2,61.5
"June","Oklahoma",40,2021-06-09,2021-07-06,414,48.2,46.7
"June","Oregon",41,2021-06-09,2021-07-06,439,55.9,48
"June","Pennsylvania",42,2021-06-09,2021-07-06,454,57.1,47.2
"June","Rhode Island",44,2021-06-09,2021-07-06,290,60.2,59.6
"June","South Carolina",45,2021-06-09,2021-07-06,468,51.7,46
"June","South Dakota",46,2021-06-09,2021-07-06,285,46.3,46.7
"June","Tennessee",47,2021-06-09,2021-07-06,442,47.2,49.2
"June","Texas",48,2021-06-09,2021-07-06,708,56.2,41.1
"June","Utah",49,2021-06-09,2021-07-06,351,44.7,50.4
"June","Virginia",51,2021-06-09,2021-07-06,424,66,63.8
"June","Vermont",50,2021-06-09,2021-07-06,217,62.1,77.7
"June","Washington",53,2021-06-09,2021-07-06,459,63.4,59.5
"June","Wisconsin",55,2021-06-09,2021-07-06,452,58.5,53.3
"June","West Virginia",54,2021-06-09,2021-07-06,330,46.4,60.5
"June","Wyoming",56,2021-06-09,2021-07-06,176,40.1,49.6
"September","United States",NA,2021-08-26,2021-09-27,21079,49.5,45.1
"September","Alaska",2,2021-08-26,2021-09-27,201,35.1,33.8
"September","Alabama",1,2021-08-26,2021-09-27,397,39.3,41.2
"September","Arkansas",5,2021-08-26,2021-09-27,338,37.5,37.4
"September","Arizona",4,2021-08-26,2021-09-27,468,43.8,27.5
"September","California",6,2021-08-26,2021-09-27,887,56.5,53.8
"September","Colorado",8,2021-08-26,2021-09-27,390,50.1,52.6
"September","Connecticut",9,2021-08-26,2021-09-27,337,56.3,62.2
"September","Delaware",10,2021-08-26,2021-09-27,379,48.8,53.5
"September","Florida",12,2021-08-26,2021-09-27,603,47.2,35.5
"September","Georgia",13,2021-08-26,2021-09-27,464,54,32.9
"September","Hawaii",15,2021-08-26,2021-09-27,386,48.6,37.8
"September","Iowa",19,2021-08-26,2021-09-27,388,48.7,27.7
"September","Idaho",16,2021-08-26,2021-09-27,414,31.2,30.2
"September","Illinois",17,2021-08-26,2021-09-27,535,53.8,51.7
"September","Indiana",18,2021-08-26,2021-09-27,393,43.5,45.8
"September","Kansas",20,2021-08-26,2021-09-27,341,43.4,40.6
"September","Kentucky",21,2021-08-26,2021-09-27,392,37.9,51.4
"September","Louisiana",22,2021-08-26,2021-09-27,309,51.2,53.3
"September","Massachusetts",25,2021-08-26,2021-09-27,451,61.2,64.1
"September","Maryland",24,2021-08-26,2021-09-27,436,54.5,60
"September","Maine",23,2021-08-26,2021-09-27,366,42.2,50.9
"September","Michigan",26,2021-08-26,2021-09-27,496,51.7,51.4
"September","Minnesota",27,2021-08-26,2021-09-27,413,44.5,45.7
"September","Missouri",29,2021-08-26,2021-09-27,432,43.5,33.6
"September","Mississippi",28,2021-08-26,2021-09-27,367,35.2,28
"September","Montana",30,2021-08-26,2021-09-27,309,39.5,42.2
"September","North Carolina",37,2021-08-26,2021-09-27,475,52.7,45.9
"September","North Dakota",38,2021-08-26,2021-09-27,313,34.7,41
"September","Nebraska",31,2021-08-26,2021-09-27,326,40.7,38.8
"September","New Hampshire",33,2021-08-26,2021-09-27,298,56.7,56.4
"September","New Jersey",34,2021-08-26,2021-09-27,425,61.3,60.1
"September","New Mexico",35,2021-08-26,2021-09-27,400,46.9,50.3
"September","Nevada",32,2021-08-26,2021-09-27,409,40.1,41.9
"September","New York",36,2021-08-26,2021-09-27,783,59.2,56.8
"September","Ohio",39,2021-08-26,2021-09-27,508,49.2,49.2
"September","Oklahoma",40,2021-08-26,2021-09-27,388,39.6,31.5
"September","Oregon",41,2021-08-26,2021-09-27,423,49.9,41.5
"September","Pennsylvania",42,2021-08-26,2021-09-27,476,47.9,41
"September","Rhode Island",44,2021-08-26,2021-09-27,328,51.7,51.7
"September","South Carolina",45,2021-08-26,2021-09-27,377,43,35.6
"September","South Dakota",46,2021-08-26,2021-09-27,279,36.6,41.2
"September","Tennessee",47,2021-08-26,2021-09-27,416,38.7,31.2
"September","Texas",48,2021-08-26,2021-09-27,664,48.2,32.4
"September","Utah",49,2021-08-26,2021-09-27,406,44.1,43.4
"September","Virginia",51,2021-08-26,2021-09-27,469,55.7,48.9
"September","Vermont",50,2021-08-26,2021-09-27,197,48.9,69.4
"September","Washington",53,2021-08-26,2021-09-27,482,59,55.1
"September","Wisconsin",55,2021-08-26,2021-09-27,436,52.4,41.8
"September","West Virginia",54,2021-08-26,2021-09-27,391,34.3,53.7
"September","Wyoming",56,2021-08-26,2021-09-27,206,37,41
"November21","United States",NA,2021-11-03,2021-12-02,22277,44.8,44.7
"November21","Alaska",2,2021-11-03,2021-12-02,202,31.8,28.9
"November21","Alabama",1,2021-11-03,2021-12-02,380,34,42.9
"November21","Arkansas",5,2021-11-03,2021-12-02,327,30.5,35.3
"November21","Arizona",4,2021-11-03,2021-12-02,492,41.8,31.9
"November21","California",6,2021-11-03,2021-12-02,1231,53.9,52.9
"November21","Colorado",8,2021-11-03,2021-12-02,473,45.5,47.1
"November21","Connecticut",9,2021-11-03,2021-12-02,320,49.8,62.8
"November21","Delaware",10,2021-11-03,2021-12-02,299,47.8,45.6
"November21","Florida",12,2021-11-03,2021-12-02,866,50,41.7
"November21","Georgia",13,2021-11-03,2021-12-02,628,46.4,34.7
"November21","Hawaii",15,2021-11-03,2021-12-02,304,45.8,43.8
"November21","Iowa",19,2021-11-03,2021-12-02,339,39.6,31.9
"November21","Idaho",16,2021-11-03,2021-12-02,326,31.9,26.9
"November21","Illinois",17,2021-11-03,2021-12-02,619,50.3,53.9
"November21","Indiana",18,2021-11-03,2021-12-02,426,38.1,41
"November21","Kansas",20,2021-11-03,2021-12-02,337,37.9,41.9
"November21","Kentucky",21,2021-11-03,2021-12-02,402,32.2,44.1
"November21","Louisiana",22,2021-11-03,2021-12-02,338,34.4,42.5
"November21","Massachusetts",25,2021-11-03,2021-12-02,437,54.3,58.2
"November21","Maryland",24,2021-11-03,2021-12-02,410,56.3,63.6
"November21","Maine",23,2021-11-03,2021-12-02,354,43.4,47.9
"November21","Michigan",26,2021-11-03,2021-12-02,521,44.8,45.2
"November21","Minnesota",27,2021-11-03,2021-12-02,411,48,52.9
"November21","Missouri",29,2021-11-03,2021-12-02,456,38,31.8
"November21","Mississippi",28,2021-11-03,2021-12-02,335,35.9,34.1
"November21","Montana",30,2021-11-03,2021-12-02,300,38.3,39
"November21","North Carolina",37,2021-11-03,2021-12-02,553,44.7,46.7
"November21","North Dakota",38,2021-11-03,2021-12-02,274,32.1,30.3
"November21","Nebraska",31,2021-11-03,2021-12-02,323,36,34.5
"November21","New Hampshire",33,2021-11-03,2021-12-02,298,45.6,41
"November21","New Jersey",34,2021-11-03,2021-12-02,566,52.9,57.8
"November21","New Mexico",35,2021-11-03,2021-12-02,320,48,43.7
"November21","Nevada",32,2021-11-03,2021-12-02,357,45.7,44
"November21","New York",36,2021-11-03,2021-12-02,964,51.4,51.9
"November21","Ohio",39,2021-11-03,2021-12-02,615,40.3,47.6
"November21","Oklahoma",40,2021-11-03,2021-12-02,348,35.8,37
"November21","Oregon",41,2021-11-03,2021-12-02,369,45.8,43.6
"November21","Pennsylvania",42,2021-11-03,2021-12-02,617,45.4,44.2
"November21","Rhode Island",44,2021-11-03,2021-12-02,265,46,51
"November21","South Carolina",45,2021-11-03,2021-12-02,415,39.4,39.4
"November21","South Dakota",46,2021-11-03,2021-12-02,215,38.8,31
"November21","Tennessee",47,2021-11-03,2021-12-02,438,37.9,33.2
"November21","Texas",48,2021-11-03,2021-12-02,956,44.1,37.7
"November21","Utah",49,2021-11-03,2021-12-02,341,36.5,39.1
"November21","Virginia",51,2021-11-03,2021-12-02,579,52,50.8
"November21","Vermont",50,2021-11-03,2021-12-02,219,52.1,69.9
"November21","Washington",53,2021-11-03,2021-12-02,480,50.4,52.8
"November21","Wisconsin",55,2021-11-03,2021-12-02,436,42.9,40.8
"November21","West Virginia",54,2021-11-03,2021-12-02,331,28.6,40.7
"November21","Wyoming",56,2021-11-03,2021-12-02,204,24.5,33.8
